"";BBSIS.D.I.ZST.ZI.EUR.S1311.B.A604.R10XX.R.A.A._Z._Z.A;BBSIS.D.I.ZST.ZI.EUR.S1311.B.A604.R10XX.R.A.A._Z._Z.A_FLAGS
"";Zinsstrukturkurve (Svensson-Methode) / Börsennotierte             Bundeswertpapiere / 10,0 Jahr(e) RLZ / Tageswerte;
Dezimalstellen;2;
Dimension;Eins;
Einheit;Prozent;
Format der Zeitangabe;P1D;
Kategorie;ZRZS;
Kommentar;Monatsendstandsreihe: WZ9826. Bis Juli 1997 liegen lediglich Ultimowerte vor.;
Stand vom;24.07.2026 12:27:58 Uhr;
2026-07-10;3,13;
2026-07-11;.;Kein Wert vorhanden
2026-07-12;.;Kein Wert vorhanden
2026-07-13;3,14;
2026-07-14;3,18;
2026-07-15;3,18;
2026-07-16;3,20;
2026-07-17;3,19;
2026-07-18;.;Kein Wert vorhanden
2026-07-19;.;Kein Wert vorhanden
2026-07-20;3,20;
2026-07-21;3,21;
2026-07-22;3,23;
2026-07-23;3,25;
2026-07-24;3,24;
