KEY,FREQ,REF_AREA,CURRENCY,PROVIDER_FM,INSTRUMENT_FM,PROVIDER_FM_ID,DATA_TYPE_FM,TIME_PERIOD,OBS_VALUE
FM.D.U2.EUR.4F.KR.MRR_FR.LEV,D,U2,EUR,4F,KR,MRR_FR,LEV,2026-06-01,2.15
FM.D.U2.EUR.4F.KR.MRR_FR.LEV,D,U2,EUR,4F,KR,MRR_FR,LEV,2026-06-02,2.15
FM.D.U2.EUR.4F.KR.MRR_FR.LEV,D,U2,EUR,4F,KR,MRR_FR,LEV,2026-06-03,2.15
FM.D.U2.EUR.4F.KR.MRR_FR.LEV,D,U2,EUR,4F,KR,MRR_FR,LEV,2026-06-04,2.15
FM.D.U2.EUR.4F.KR.MRR_FR.LEV,D,U2,EUR,4F,KR,MRR_FR,LEV,2026-06-05,2.15
FM.D.U2.EUR.4F.KR.MRR_FR.LEV,D,U2,EUR,4F,KR,MRR_FR,LEV,2026-06-06,2.15
FM.D.U2.EUR.4F.KR.MRR_FR.LEV,D,U2,EUR,4F,KR,MRR_FR,LEV,2026-06-07,2.15
FM.D.U2.EUR.4F.KR.MRR_FR.LEV,D,U2,EUR,4F,KR,MRR_FR,LEV,2026-06-08,2.15
FM.D.U2.EUR.4F.KR.MRR_FR.LEV,D,U2,EUR,4F,KR,MRR_FR,LEV,2026-06-09,2.15
FM.D.U2.EUR.4F.KR.MRR_FR.LEV,D,U2,EUR,4F,KR,MRR_FR,LEV,2026-06-10,2.15
FM.D.U2.EUR.4F.KR.MRR_FR.LEV,D,U2,EUR,4F,KR,MRR_FR,LEV,2026-06-11,2.15
FM.D.U2.EUR.4F.KR.MRR_FR.LEV,D,U2,EUR,4F,KR,MRR_FR,LEV,2026-06-12,2.15
FM.D.U2.EUR.4F.KR.MRR_FR.LEV,D,U2,EUR,4F,KR,MRR_FR,LEV,2026-06-13,2.15
FM.D.U2.EUR.4F.KR.MRR_FR.LEV,D,U2,EUR,4F,KR,MRR_FR,LEV,2026-06-14,2.15
FM.D.U2.EUR.4F.KR.MRR_FR.LEV,D,U2,EUR,4F,KR,MRR_FR,LEV,2026-06-15,2.15
FM.D.U2.EUR.4F.KR.MRR_FR.LEV,D,U2,EUR,4F,KR,MRR_FR,LEV,2026-06-16,2.15
FM.D.U2.EUR.4F.KR.MRR_FR.LEV,D,U2,EUR,4F,KR,MRR_FR,LEV,2026-06-17,2.4
FM.D.U2.EUR.4F.KR.MRR_FR.LEV,D,U2,EUR,4F,KR,MRR_FR,LEV,2026-06-18,2.4
FM.D.U2.EUR.4F.KR.MRR_FR.LEV,D,U2,EUR,4F,KR,MRR_FR,LEV,2026-06-19,2.4
FM.D.U2.EUR.4F.KR.MRR_FR.LEV,D,U2,EUR,4F,KR,MRR_FR,LEV,2026-06-20,2.4
FM.D.U2.EUR.4F.KR.MRR_FR.LEV,D,U2,EUR,4F,KR,MRR_FR,LEV,2026-06-21,2.4
FM.D.U2.EUR.4F.KR.MRR_FR.LEV,D,U2,EUR,4F,KR,MRR_FR,LEV,2026-06-22,2.4
FM.D.U2.EUR.4F.KR.MRR_FR.LEV,D,U2,EUR,4F,KR,MRR_FR,LEV,2026-06-23,2.4
FM.D.U2.EUR.4F.KR.MRR_FR.LEV,D,U2,EUR,4F,KR,MRR_FR,LEV,2026-06-24,2.4
FM.D.U2.EUR.4F.KR.MRR_FR.LEV,D,U2,EUR,4F,KR,MRR_FR,LEV,2026-06-25,2.4
FM.D.U2.EUR.4F.KR.MRR_FR.LEV,D,U2,EUR,4F,KR,MRR_FR,LEV,2026-06-26,2.4
FM.D.U2.EUR.4F.KR.MRR_FR.LEV,D,U2,EUR,4F,KR,MRR_FR,LEV,2026-06-27,2.4
FM.D.U2.EUR.4F.KR.MRR_FR.LEV,D,U2,EUR,4F,KR,MRR_FR,LEV,2026-06-28,2.4
FM.D.U2.EUR.4F.KR.MRR_FR.LEV,D,U2,EUR,4F,KR,MRR_FR,LEV,2026-06-29,2.4
FM.D.U2.EUR.4F.KR.MRR_FR.LEV,D,U2,EUR,4F,KR,MRR_FR,LEV,2026-06-30,2.4
FM.D.U2.EUR.4F.KR.MRR_FR.LEV,D,U2,EUR,4F,KR,MRR_FR,LEV,2026-07-01,2.4
FM.D.U2.EUR.4F.KR.MRR_FR.LEV,D,U2,EUR,4F,KR,MRR_FR,LEV,2026-07-02,2.4
FM.D.U2.EUR.4F.KR.MRR_FR.LEV,D,U2,EUR,4F,KR,MRR_FR,LEV,2026-07-03,2.4
FM.D.U2.EUR.4F.KR.MRR_FR.LEV,D,U2,EUR,4F,KR,MRR_FR,LEV,2026-07-04,2.4
FM.D.U2.EUR.4F.KR.MRR_FR.LEV,D,U2,EUR,4F,KR,MRR_FR,LEV,2026-07-05,2.4
FM.D.U2.EUR.4F.KR.MRR_FR.LEV,D,U2,EUR,4F,KR,MRR_FR,LEV,2026-07-06,2.4
FM.D.U2.EUR.4F.KR.MRR_FR.LEV,D,U2,EUR,4F,KR,MRR_FR,LEV,2026-07-07,2.4
FM.D.U2.EUR.4F.KR.MRR_FR.LEV,D,U2,EUR,4F,KR,MRR_FR,LEV,2026-07-08,2.4
FM.D.U2.EUR.4F.KR.MRR_FR.LEV,D,U2,EUR,4F,KR,MRR_FR,LEV,2026-07-09,2.4
FM.D.U2.EUR.4F.KR.MRR_FR.LEV,D,U2,EUR,4F,KR,MRR_FR,LEV,2026-07-10,2.4
FM.D.U2.EUR.4F.KR.MRR_FR.LEV,D,U2,EUR,4F,KR,MRR_FR,LEV,2026-07-11,2.4
FM.D.U2.EUR.4F.KR.MRR_FR.LEV,D,U2,EUR,4F,KR,MRR_FR,LEV,2026-07-12,2.4
FM.D.U2.EUR.4F.KR.MRR_FR.LEV,D,U2,EUR,4F,KR,MRR_FR,LEV,2026-07-13,2.4
FM.D.U2.EUR.4F.KR.MRR_FR.LEV,D,U2,EUR,4F,KR,MRR_FR,LEV,2026-07-14,2.4
FM.D.U2.EUR.4F.KR.MRR_FR.LEV,D,U2,EUR,4F,KR,MRR_FR,LEV,2026-07-15,2.4
FM.D.U2.EUR.4F.KR.MRR_FR.LEV,D,U2,EUR,4F,KR,MRR_FR,LEV,2026-07-16,2.4
FM.D.U2.EUR.4F.KR.MRR_FR.LEV,D,U2,EUR,4F,KR,MRR_FR,LEV,2026-07-17,2.4
FM.D.U2.EUR.4F.KR.MRR_FR.LEV,D,U2,EUR,4F,KR,MRR_FR,LEV,2026-07-18,2.4
FM.D.U2.EUR.4F.KR.MRR_FR.LEV,D,U2,EUR,4F,KR,MRR_FR,LEV,2026-07-19,2.4
FM.D.U2.EUR.4F.KR.MRR_FR.LEV,D,U2,EUR,4F,KR,MRR_FR,LEV,2026-07-20,2.4
FM.D.U2.EUR.4F.KR.MRR_FR.LEV,D,U2,EUR,4F,KR,MRR_FR,LEV,2026-07-21,2.4
FM.D.U2.EUR.4F.KR.MRR_FR.LEV,D,U2,EUR,4F,KR,MRR_FR,LEV,2026-07-22,2.4
FM.D.U2.EUR.4F.KR.MRR_FR.LEV,D,U2,EUR,4F,KR,MRR_FR,LEV,2026-07-23,2.4
FM.D.U2.EUR.4F.KR.MRR_FR.LEV,D,U2,EUR,4F,KR,MRR_FR,LEV,2026-07-24,2.4
FM.D.U2.EUR.4F.KR.MRR_FR.LEV,D,U2,EUR,4F,KR,MRR_FR,LEV,2026-07-25,2.4
FM.D.U2.EUR.4F.KR.MRR_FR.LEV,D,U2,EUR,4F,KR,MRR_FR,LEV,2026-07-26,2.4
